Nombre,Tiempo,Intentos,Fecha,Hora
Anonimo360,11,19,07/01/2025,22:15:45
Edu,11,19,07/01/2025,22:17:15
Anonimo869,11,19,07/01/2025,22:18:02
Anonimo950,11,19,07/01/2025,22:18:03
Anonimo771,11,19,07/01/2025,22:18:05
Jose,11,19,07/01/2025,22:18:16
Anonimo849,11,19,07/01/2025,22:18:55
Anonimo170,11,19,07/01/2025,22:19:00
Anonimo136,11,19,07/01/2025,22:19:07
Marina,11,19,07/01/2025,22:29:59
Anonimo960,11,19,07/01/2025,22:30:06
Sebastian,37,19,07/01/2025,22:31:25
Sebastian2,47,19,07/01/2025,22:35:58
Sebas33,56,31,07/01/2025,22:42:26
PruebaÂ¿?,38,19,07/01/2025,22:47:55
UltimasVueltas,48,28,07/01/2025,22:49:11
26Intentos,50,26,07/01/2025,22:53:10
Tercas,24,8,07/01/2025,22:54:12
Anonimo314,31,8,07/01/2025,23:02:52
Anonimo663,60,8,07/01/2025,23:05:39
Terca,60,8,07/01/2025,23:10:08
Anonimo214,60,8,07/01/2025,23:18:49
Tercas,60,8,07/01/2025,23:18:57
Anonimo558,34,8,07/01/2025,23:21:13
icono,29,10,07/01/2025,23:42:58
icono2,60,8,07/01/2025,23:43:46
teadasd,60,8,07/01/2025,23:46:39
teca,60,8,07/01/2025,23:48:49
pito,60,8,07/01/2025,23:49:02
easy,20,9,07/01/2025,23:49:36
8 intentos,22,8,07/01/2025,23:50:19
